product_id,user_id,rating,user_idx,product_idx,rating_norm
B00QJDU3KY,Cristina M,5.0,130,21,1.0
B00QJDU3KY,Ricky,5.0,530,21,1.0
B00QJDU3KY,Tedd Gardiner,4.0,627,21,0.75
B00QJDU3KY,Dougal,5.0,187,21,1.0
B00QJDU3KY,Miljan David Tanic,5.0,445,21,1.0
B00QJDU3KY,Janet Matthews Jan,4.0,302,21,0.75
B00QJDU3KY,John Kat's the brains,5.0,327,21,1.0
B00QJDU3KY,samira,5.0,810,21,1.0
B00QJDU3KY,Louis simard,4.0,394,21,0.75
B00QJDU3KY,JanetC,5.0,303,21,1.0
B00QJDU3KY,Shepherd,4.0,584,21,0.75
B00QJDU3KY,Brenda,4.0,81,21,0.75
B00QJDU3KY,Fil Gambatesa,5.0,216,21,1.0
B00QJDU3KY,Roy Bennett,5.0,548,21,1.0
B00QJDU3KY,satisfied customer,5.0,811,21,1.0
B002Y27P3M,Matthew Coenen,4.0,425,0,0.75
B002Y27P3M,Ron Cronovich,5.0,543,0,1.0
B002Y27P3M,Jeffrey Stanley,3.0,315,0,0.5
B002Y27P3M,Jeffrey Stanley,3.0,315,0,0.5
B002Y27P3M,Matthew Coenen,4.0,425,0,0.75
B002Y27P3M,Ron Cronovich,5.0,543,0,1.0
B00DU15MU4,Gregory P. Baker,4.0,257,7,0.75
B00DU15MU4,William Hardin,5.0,673,7,1.0
B00DU15MU4,Gregory P. Baker,4.0,257,7,0.75
B00DU15MU4,Mandy,5.0,415,7,1.0
B00DU15MU4,William Hardin,5.0,673,7,1.0
B00DU15MU4,Dallas,4.0,146,7,0.75
B00DU15MU4,Mandy,5.0,415,7,1.0
B00DU15MU4,William Hardin,5.0,673,7,1.0
B00DU15MU4,Dallas,4.0,146,7,0.75
B00DU15MU4,Dallas,4.0,146,7,0.75
B00DU15MU4,William Hardin,5.0,673,7,1.0
B01LW1MS9C,D. Miyao,5.0,135,44,1.0
B01LW1MS9C,dm,5.0,724,44,1.0
B01LW1MS9C,Corey Clarke,4.0,127,44,0.75
B01LW1MS9C,A.C,5.0,9,44,1.0
B01LW1MS9C,Vincent Pompei,3.0,662,44,0.5
B01LW1MS9C,Bob,5.0,73,44,1.0
B01LW1MS9C,JB 85,5.0,287,44,1.0
B01LW1MS9C,C. Morrow,5.0,94,44,1.0
B01LW1MS9C,Ryan,5.0,552,44,1.0
B01LW1MS9C,D. Miyao,5.0,135,44,1.0
B01FWSVGQQ,Jbird,4.0,309,37,0.75
B01FWSVGQQ,Devin Stephens,5.0,172,37,1.0
B01FWSVGQQ,CHRISTOPHER JONES,5.0,96,37,1.0
B00DOPNLJ0,B. Tarbuck,3.0,46,5,0.5
B00DOPNLJ0,Amazon Reviewer,4.0,36,5,0.75
B00DOPNLJ0,Samuel Ruiz,1.0,560,5,0.0
B00DOPNLJ0,Tina L. Harmon,3.0,640,5,0.5
B00DOPNLJ0,B. Tarbuck,3.0,46,5,0.5
B00DOPNLJ0,B. Tarbuck,3.0,46,5,0.5
B00DOPNLJ0,Amazon Reviewer,4.0,36,5,0.75
B00DOPNLJ0,Amazon Reviewer,4.0,36,5,0.75
B00DOPNLJ0,"Things I Love Like,",5.0,637,5,1.0
B00DOPNLJ0,Amazon Reviewer,4.0,36,5,0.75
B00DOPNLJ0,B. Tarbuck,3.0,46,5,0.5
B00DOPNLJ0,"Things I Love Like,",5.0,637,5,1.0
B00DOPNLJ0,B. Tarbuck,3.0,46,5,0.5
B00DOPNLJ0,B. Tarbuck,3.0,46,5,0.5
B00DOPNLJ0,Amazon Reviewer,4.0,36,5,0.75
B01LW1MS9C,D. Miyao,5.0,135,44,1.0
B01LW1MS9C,dm,5.0,724,44,1.0
B01LW1MS9C,Corey Clarke,4.0,127,44,0.75
B01LW1MS9C,A.C,5.0,9,44,1.0
B01LW1MS9C,Vincent Pompei,3.0,662,44,0.5
B01LW1MS9C,Bob,5.0,73,44,1.0
B01LW1MS9C,JB 85,5.0,287,44,1.0
B01LW1MS9C,C. Morrow,5.0,94,44,1.0
B01LW1MS9C,Ryan,5.0,552,44,1.0
B01LW1MS9C,D. Miyao,5.0,135,44,1.0
B01FWSVGQQ,Jbird,4.0,309,37,0.75
B01FWSVGQQ,Devin Stephens,5.0,172,37,1.0
B01FWSVGQQ,CHRISTOPHER JONES,5.0,96,37,1.0
B01LW1MS9C,D. Miyao,5.0,135,44,1.0
B01LW1MS9C,dm,5.0,724,44,1.0
B01LW1MS9C,Corey Clarke,4.0,127,44,0.75
B01LW1MS9C,A.C,5.0,9,44,1.0
B01LW1MS9C,Vincent Pompei,3.0,662,44,0.5
B01LW1MS9C,Bob,5.0,73,44,1.0
B01LW1MS9C,JB 85,5.0,287,44,1.0
B01LW1MS9C,C. Morrow,5.0,94,44,1.0
B00NO8LX7E,Randall M.,2.0,521,17,0.25
B00NO8LX7E,Dean S,3.0,165,17,0.5
B00NO8LX7E,Erika S.,5.0,208,17,1.0
B00NO8LX7E,Ashley,5.0,45,17,1.0
B00NO8LX7E,Linda Watson,5.0,382,17,1.0
B00NO8LX7E,olivarulez,4.0,784,17,0.75
B00NO8LX7E,Theresa,5.0,636,17,1.0
B00LWHUAF0,JJCEO,5.0,291,14,1.0
B00LWHUAF0,Liberty Standard,5.0,378,14,1.0
B00LWHUAF0,Frank Epstein,5.0,227,14,1.0
B00LWHUAF0,Michael Gallagher,5.0,437,14,1.0
B00NO8LX7E,Randall M.,2.0,521,17,0.25
B00NO8LX7E,Dean S,3.0,165,17,0.5
B00NO8LX7E,Linda Watson,5.0,382,17,1.0
B00NO8LX7E,Ashley,5.0,45,17,1.0
B00NO8LX7E,Theresa,5.0,636,17,1.0
B00NO8LX7E,Ekgeis,5.0,200,17,1.0
B00NO8LX7E,JEREMY L THOMPSON,1.0,290,17,0.0
B00NO8LX7E,Daultim,4.0,153,17,0.75
B00NO8LX7E,Erika S.,5.0,208,17,1.0
B00NO8LX7E,Jerry,5.0,318,17,1.0
B00NO8LX7E,Celeste Z.,3.0,110,17,0.5
B01FWSVGQQ,Jbird,4.0,309,37,0.75
B01FWSVGQQ,Devin Stephens,5.0,172,37,1.0
B01FWSVGQQ,CHRISTOPHER JONES,5.0,96,37,1.0
B01FWSVGQQ,Jbird,4.0,309,37,0.75
B01FWSVGQQ,Devin Stephens,5.0,172,37,1.0
B01FWSVGQQ,CHRISTOPHER JONES,5.0,96,37,1.0
B00KDRQEYQ,Liberty Standard,5.0,378,10,1.0
B00KDRQEYQ,Rustic,5.0,551,10,1.0
B00KDRQEYQ,Michael Gallagher,4.0,437,10,0.75
B01FWSVGQQ,Jbird,4.0,309,37,0.75
B01FWSVGQQ,Devin Stephens,5.0,172,37,1.0
B01FWSVGQQ,CHRISTOPHER JONES,5.0,96,37,1.0
B00OQVZDJM,BShaw,5.0,54,18,1.0
B00OQVZDJM,Desert Rat,5.0,170,18,1.0
B00OQVZDJM,J. Chambers,5.0,283,18,1.0
B00QJDVBFU,BShaw,5.0,54,22,1.0
B00QJDVBFU,Desert Rat,5.0,170,22,1.0
B00QJDVBFU,J. Chambers,5.0,283,22,1.0
B00VKLBU3Y,Irene,5.0,279,24,1.0
B00VKLBU3Y,FreeSpirit,3.0,229,24,0.5
B00VKLBU3Y,Mocha's mom,5.0,449,24,1.0
B00VKLBU3Y,Lou1492,5.0,391,24,1.0
B01LW1MS9C,D. Miyao,5.0,135,44,1.0
B01LW1MS9C,dm,5.0,724,44,1.0
B01LW1MS9C,Corey Clarke,4.0,127,44,0.75
B01LW1MS9C,A.C,5.0,9,44,1.0
B01LW1MS9C,Vincent Pompei,3.0,662,44,0.5
B01LW1MS9C,Bob,5.0,73,44,1.0
B01LW1MS9C,JB 85,5.0,287,44,1.0
B01LW1MS9C,C. Morrow,5.0,94,44,1.0
B010BWYP20,Clarissa Marshall,4.0,119,28,0.75
B010BWYP20,Peter Rodick,1.0,497,28,0.0
B010BWYP20,rdbud,3.0,796,28,0.5
B00VKM5NFY,Irene,5.0,279,25,1.0
B00VKM5NFY,FreeSpirit,3.0,229,25,0.5
B00VKM5NFY,Mocha's mom,5.0,449,25,1.0
B00VKM5NFY,Lou1492,5.0,391,25,1.0
B01KIOU4EO,RPL,4.0,514,42,0.75
B01KIOU4EO,Ni,4.0,470,42,0.75
B01KIOU4EO,Quentin Moore,5.0,512,42,1.0
B01KIOU4EO,Ni,3.0,470,42,0.5
B01KIOU4EO,Ni,3.0,470,42,0.5
B01KIOU4EO,kas9103,5.0,757,42,1.0
B01KIOU4EO,Sandbagger,5.0,561,42,1.0
B0117U8JSG,Sandy,5.0,562,31,1.0
B0117U8JSG,donna,3.0,726,31,0.5
B0117U8JSG,Amazon Customer,5.0,34,31,1.0
B0117U8JSG,GMA,5.0,237,31,1.0
B0117U8JSG,Sara B,3.0,563,31,0.5
B0117U8JSG,Giacomo,3.0,246,31,0.5
B0117U8JSG,gamecrazy,3.0,736,31,0.5
B0117U8JSG,G Fontaine,5.0,231,31,1.0
B01A08ECQY,Dixie Bee,4.0,178,33,0.75
B01A08ECQY,Alex Johnson,5.0,24,33,1.0
B01A08ECQY,Beaches,5.0,58,33,1.0
B01A08ECQY,Amazon Customer,5.0,34,33,1.0
B01A08ECQY,James H Mann,1.0,299,33,0.0
B01A08ECQY,Shannon S.,4.0,580,33,0.75
B01A08ECQY,Daniel Altenburg,1.0,149,33,0.0
B01J2G4VBG,J. Chambers,5.0,283,39,1.0
B01J2G4VBG,K.E. Fuhrmann,5.0,347,39,1.0
B01J2G4VBG,sam,3.0,808,39,0.5
B00QJDS7I4,BShaw,5.0,54,20,1.0
B00QJDS7I4,Desert Rat,5.0,170,20,1.0
B00QJDS7I4,J. Chambers,5.0,283,20,1.0
B00U879XZ8,BShaw,5.0,54,23,1.0
B00U879XZ8,Desert Rat,5.0,170,23,1.0
B00U879XZ8,J. Chambers,5.0,283,23,1.0
B010EK1GOE,Kenneth Jung,5.0,351,29,1.0
B010EK1GOE,Phil (not) in Magnolia,5.0,498,29,1.0
B010EK1GOE,Pedro P. Cunha,2.0,494,29,0.25
B00LWHUB9A,Liberty Standard,5.0,378,15,1.0
B00LWHUB9A,Christopher Le,3.0,117,15,0.5
B00LWHUB9A,Michael Gallagher,5.0,437,15,1.0
B00ZS0G0PG,Phil (not) in Magnolia,5.0,498,26,1.0
B00ZS0G0PG,J. Chambers,5.0,283,26,1.0
B00ZS0G0PG,S. Goldstein,3.0,554,26,0.5
B00ZS0G0PG,Lyn Craven,5.0,399,26,1.0
B01A08E70K,MissOliviaP,5.0,446,32,1.0
B01A08E70K,Rustic,5.0,551,32,1.0
B01A08E70K,Sara Krzykowski,5.0,564,32,1.0
B01A08E70K,Alex,5.0,23,32,1.0
B01A08E70K,Dina,5.0,175,32,1.0
B01A08E70K,Linda S Fox,5.0,381,32,1.0
B00PD81ETU,J. Chambers,5.0,283,19,1.0
B00PD81ETU,K.E. Fuhrmann,5.0,347,19,1.0
B00PD81ETU,sam,3.0,808,19,0.5
B06XDD27LJ,Snowmass,5.0,594,49,1.0
B06XDD27LJ,Robert Beeman,5.0,538,49,1.0
B06XDD27LJ,Philip J. Bohlken,5.0,499,49,1.0
B06XDD27LJ,Amazon Customer,4.0,34,49,0.75
B06XDD27LJ,Marianne Rattan,5.0,419,49,1.0
B06XDD27LJ,mark d.,5.0,769,49,1.0
B00CX5P8FC,Mandy,5.0,415,3,1.0
B00CX5P8FC,Dallas,4.0,146,3,0.75
B00CX5P8FC,Dallas,4.0,146,3,0.75
B00CX5P8FC,Dallas,4.0,146,3,0.75
B00CX5P8FC,William Hardin,5.0,673,3,1.0
B00CX5P8FC,William Hardin,5.0,673,3,1.0
B00CX5P8FC,Gregory P. Baker,4.0,257,3,0.75
B00CX5P8FC,William Hardin,5.0,673,3,1.0
B00CX5P8FC,Mandy,5.0,415,3,1.0
B00CX5P8FC,Gregory P. Baker,4.0,257,3,0.75
B00CX5P8FC,William Hardin,5.0,673,3,1.0
B00CX5P8FC,Spiral42 Trivia Fanatic,5.0,599,3,1.0
B00CX5P8FC,Mandy,5.0,415,3,1.0
B00CX5P8FC,Alice,5.0,29,3,1.0
B00CX5P8FC,William Hardin,5.0,673,3,1.0
B00CX5P8FC,Max Nancy,2.0,430,3,0.25
B00CX5P8FC,txtech1997,1.0,828,3,0.0
B00CX5P8FC,IMA,1.0,274,3,0.0
B00CX5P8FC,A. Dent Aragorn,3.0,7,3,0.5
B00CX5P8FC,R. Colley RC,5.0,513,3,1.0
B00CX5P8FC,Caryl Faulkender,5.0,107,3,1.0
B00CX5P8FC,Maria,4.0,418,3,0.75
B00CX5P8FC,Gregory P. Baker,4.0,257,3,0.75
B00CX5P8FC,Gregory P. Baker,4.0,257,3,0.75
B00CX5P8FC,Lynne Matlack Kindle Junkie,5.0,400,3,1.0
B00CX5P8FC,CV,4.0,98,3,0.75
B00CX5P8FC,Thomas B,5.0,638,3,1.0
B00CX5P8FC,David R. Lowe,1.0,162,3,0.0
B00CX5P8FC,William Hardin,5.0,673,3,1.0
B00CX5P8FC,Geronimo,1.0,245,3,0.0
B00CX5P8FC,Don Clayton,5.0,182,3,1.0
B00CX5P8FC,Mandy,5.0,415,3,1.0
B00CX5P8FC,corydave,5.0,715,3,1.0
B00CX5P8FC,GEP,5.0,235,3,1.0
B00CX5P8FC,Dallas,4.0,146,3,0.75
B00CX5P8FC,M B,5.0,401,3,1.0
B00CX5P8FC,Chris Lunsford,5.0,114,3,1.0
B00CX5P8FC,Grace L. Thompson Industrial Engineer,5.0,253,3,1.0
B00CX5P8FC,Juan2three4,5.0,337,3,1.0
B00CX5P8FC,DaveF,5.0,157,3,1.0
B00CX5P8FC,Donald J. Obrien computer gadgets,4.0,183,3,0.75
B00CX5P8FC,Pat,5.0,492,3,1.0
B00CX5P8FC,TKE,2.0,615,3,0.25
B00CX5P8FC,Amazon Enthusiast The Lucky One,5.0,35,3,1.0
B01J2G4VBG,Grandmaof4,4.0,255,39,0.75
B01J2G4VBG,C G,5.0,93,39,1.0
B01J2G4VBG,Leslie Kennedy,5.0,377,39,1.0
B01J2G4VBG,Len Burroughs,2.0,376,39,0.25
B01J2G4VBG,Scott Hanel,1.0,570,39,0.0
B01J2G4VBG,The Old Dog,5.0,633,39,1.0
B01J2G4VBG,Dr. Danny,5.0,189,39,1.0
B01J2G4VBG,Joe Ventresco,2.0,325,39,0.25
B01J2G4VBG,Steven Moren,5.0,604,39,1.0
B01J2G4VBG,Marilyn Holcomb,1.0,421,39,0.0
B01J2G4VBG,Maureen Clement,4.0,428,39,0.75
B01J2G4VBG,Amazon Customer,5.0,34,39,1.0
B01J2G4VBG,Angela Thoburn,3.0,41,39,0.5
B01J2G4VBG,G. Bruce White,2.0,232,39,0.25
B01J2G4VBG,Mom goes to school,5.0,450,39,1.0
B01J2G4VBG,Mom goes to school,5.0,450,39,1.0
B01J2G4VBG,carolyn s.,5.0,701,39,1.0
B01J2G4VBG,The Old Dog,5.0,633,39,1.0
B01J2G4VBG,Wanda J.,4.0,666,39,0.75
B07194GPJV,Phil (not) in Magnolia,5.0,498,52,1.0
B07194GPJV,Amanda0205,2.0,32,52,0.25
B07194GPJV,Dennis Pendergrass,5.0,168,52,1.0
B07194GPJV,Rosemary Williams,4.0,547,52,0.75
B07194GPJV,Julia,4.0,340,52,0.75
B07194GPJV,Biblio Ninja,3.0,64,52,0.5
B07194GPJV,Kindle Lover,5.0,360,52,1.0
B07194GPJV,Emmie Golemi,5.0,206,52,1.0
B07194GPJV,Nathan R.,3.0,466,52,0.5
B07194GPJV,Peggy,5.0,495,52,1.0
B07194GPJV,Sunspotbaby,5.0,607,52,1.0
B07194GPJV,Jessica,5.0,319,52,1.0
B07194GPJV,Stemwind,5.0,600,52,1.0
B07194GPJV,Amazon Customer,5.0,34,52,1.0
B07194GPJV,FLgurrl,1.0,213,52,0.0
B07194GPJV,Amazon Customer,5.0,34,52,1.0
B07194GPJV,Maggie,1.0,411,52,0.0
B07194GPJV,DC,1.0,137,52,0.0
B07194GPJV,EE0715,5.0,194,52,1.0
B07194GPJV,Nickolas Snyder,1.0,473,52,0.0
B07194GPJV,Crystal Shipley,2.0,132,52,0.25
B07194GPJV,Dorothy Bengtson,4.0,185,52,0.75
B07194GPJV,J. Seeburger,5.0,284,52,1.0
B07194GPJV,Flight-ER-Doc,2.0,221,52,0.25
B07194GPJV,Scott716,4.0,571,52,0.75
B07194GPJV,amh,5.0,684,52,1.0
B07194GPJV,Regina G.Fetty,5.0,525,52,1.0
"B008GG93YE,B00LWHUBPO,B0051QYGXA",L. Kirk,4.0,366,1,0.75
"B008GG93YE,B00LWHUBPO,B0051QYGXA",Tricia L,5.0,648,1,1.0
"B008GG93YE,B00LWHUBPO,B0051QYGXA",ShirtGuy,5.0,586,1,1.0
"B008GG93YE,B00LWHUBPO,B0051QYGXA",Carmylita,5.0,105,1,1.0
B071NMTDHR,JJCEO,4.0,291,53,0.75
B071NMTDHR,bklynfinest,1.0,694,53,0.0
B071NMTDHR,J. Chambers,5.0,283,53,1.0
B071NMTDHR,TerriG,2.0,632,53,0.25
B071NMTDHR,David Mallinder,4.0,161,53,0.75
B071NMTDHR,Dimples,3.0,174,53,0.5
B071NMTDHR,Darlene,2.0,151,53,0.25
B071NMTDHR,Bill M.,4.0,69,53,0.75
B071NMTDHR,Joyce AC,3.0,334,53,0.5
B071NMTDHR,AMA,4.0,12,53,0.75
B071NMTDHR,Jeremy Hutchings,5.0,317,53,1.0
B071NMTDHR,FreeReader,4.0,228,53,0.75
B071NMTDHR,M.,3.0,402,53,0.5
B071NMTDHR,William,3.0,672,53,0.5
B071NMTDHR,aklouie,2.0,683,53,0.25
B071NMTDHR,Phil (not) in Magnolia,5.0,498,53,1.0
B071NMTDHR,iiiireader,5.0,748,53,1.0
B071NMTDHR,renatae33,5.0,799,53,1.0
B0117U82EM,FreeSpirit,3.0,229,30,0.5
B0117U82EM,Jim Samsen,5.0,320,30,1.0
B0117U82EM,Desert Rat,3.0,170,30,0.5
B0711C7WL2,Tenny B,5.0,629,50,1.0
B0711C7WL2,RS,5.0,515,50,1.0
B0711C7WL2,Brian Cox,5.0,84,50,1.0
B0711C7WL2,TODD,4.0,619,50,0.75
B0711C7WL2,Amazon Customer,5.0,34,50,1.0
B0711C7WL2,Melissa J,5.0,433,50,1.0
B0711C7WL2,Eilhard Molina,4.0,199,50,0.75
B0711C7WL2,Nikki,5.0,475,50,1.0
B0711C7WL2,Amazon Customer,5.0,34,50,1.0
B0711C7WL2,Lindsay Slater,4.0,383,50,0.75
B0711C7WL2,Samantha,5.0,559,50,1.0
B0711C7WL2,Tenny B,5.0,629,50,1.0
B0711C7WL2,Nana2kearaj,3.0,464,50,0.5
B01M3ULMWP,ktollstam,4.0,763,45,0.75
B01M3ULMWP,TD,5.0,613,45,1.0
B01M3ULMWP,Adam,5.0,17,45,1.0
B01M3ULMWP,Amazon Customer,5.0,34,45,1.0
B01M3ULMWP,AlphaKryptonyte,4.0,31,45,0.75
B00LWHU9D8,Mike W.,5.0,441,13,1.0
B00LWHU9D8,William Hardin,5.0,673,13,1.0
B00LWHU9D8,Earthling1984,5.0,197,13,1.0
B00LWHU9D8,Mike W.,5.0,441,13,1.0
B00LWHU9D8,William Hardin,5.0,673,13,1.0
B00LWHU9D8,William Hardin,5.0,673,13,1.0
B00LWHU9D8,Earthling1984,5.0,197,13,1.0
B00LWHU9D8,Earthling1984,5.0,197,13,1.0
B00LWHU9D8,Earthling1984,5.0,197,13,1.0
B00LWHU9D8,William Hardin,5.0,673,13,1.0
B00LWHU9D8,Mike W.,5.0,441,13,1.0
B00LWHU9D8,Mike W.,5.0,441,13,1.0
B00LWHU9D8,William Hardin,5.0,673,13,1.0
B00LWHU9D8,Mike W.,5.0,441,13,1.0
B00LWHU9D8,Earthling1984,5.0,197,13,1.0
B00LWHU9D8,Mike W.,5.0,441,13,1.0
B00LWHU9D8,William Hardin,5.0,673,13,1.0
B00LWHU9D8,Earthling1984,5.0,197,13,1.0
B00LWHU9D8,William Hardin,5.0,673,13,1.0
B00LWHU9D8,William Hardin,5.0,673,13,1.0
B00LWHU9D8,Earthling1984,5.0,197,13,1.0
B00LWHU9D8,William Hardin,5.0,673,13,1.0
B00LWHU9D8,William Hardin,5.0,673,13,1.0
B00LWHU9D8,William Hardin,5.0,673,13,1.0
B00LWHU9D8,Mike W.,5.0,441,13,1.0
B00LWHU9D8,Earthling1984,5.0,197,13,1.0
B00LWHU9D8,Mike W.,5.0,441,13,1.0
B00LWHU9D8,Earthling1984,5.0,197,13,1.0
B00LWHU9D8,Earthling1984,5.0,197,13,1.0
B00LWHU9D8,Mike W.,5.0,441,13,1.0
B00LWHU9D8,Earthling1984,5.0,197,13,1.0
B00LWHU9D8,Earthling1984,5.0,197,13,1.0
B00LWHU9D8,Mike W.,5.0,441,13,1.0
B00LWHU9D8,William Hardin,5.0,673,13,1.0
B00LWHU9D8,Earthling1984,5.0,197,13,1.0
B00LWHU9D8,Mike W.,5.0,441,13,1.0
B00LWHU9D8,Mike W.,5.0,441,13,1.0
B00LWHU9D8,William Hardin,5.0,673,13,1.0
B01LW1MS9C,D. Miyao,5.0,135,44,1.0
B01LW1MS9C,dm,5.0,724,44,1.0
B01LW1MS9C,Corey Clarke,4.0,127,44,0.75
B01LW1MS9C,A.C,5.0,9,44,1.0
B01LW1MS9C,Vincent Pompei,3.0,662,44,0.5
B01LW1MS9C,Bob,5.0,73,44,1.0
B01LW1MS9C,JB 85,5.0,287,44,1.0
B01LW1MS9C,C. Morrow,5.0,94,44,1.0
B01LW1MS9C,D. Miyao,5.0,135,44,1.0
B01LW1MS9C,Ryan,5.0,552,44,1.0
B0716JZKLT,C. Wegenka,5.0,95,51,1.0
B0716JZKLT,gretchen fraley,5.0,739,51,1.0
B0716JZKLT,Betty Jaggers,5.0,63,51,1.0
B0716JZKLT,Robyn R Larkin,5.0,540,51,1.0
B0716JZKLT,Laura Duran,5.0,372,51,1.0
B0716JZKLT,arual2384,5.0,686,51,1.0
B0716JZKLT,Jacob St Peter,5.0,297,51,1.0
B0716JZKLT,Kindle Customer,5.0,359,51,1.0
B0716JZKLT,Carrie Dendy,5.0,106,51,1.0
B0716JZKLT,Brett,5.0,82,51,1.0
B0716JZKLT,Kindle Customer,5.0,359,51,1.0
B0716JZKLT,Rachel,5.0,520,51,1.0
B01BRWH8G8,Desert Rat,5.0,170,35,1.0
B01BRWH8G8,MaGold,5.0,408,35,1.0
B01BRWH8G8,RaVen,4.0,518,35,0.75
B01M4NRFXX,Shira Sandford,5.0,585,46,1.0
B01M4NRFXX,Amazon Customer,5.0,34,46,1.0
B01M4NRFXX,Tech Insider,5.0,624,46,1.0
B01M4NRFXX,J. Welch,5.0,285,46,1.0
B01KVZDFD2,Amazon Customer,3.0,34,43,0.5
B01KVZDFD2,Anna,5.0,42,43,1.0
B01KVZDFD2,Bookie Monster,5.0,76,43,1.0
B01KVZDFD2,Devin,5.0,171,43,1.0
B01KVZDFD2,DC Mom,3.0,138,43,0.5
B01KVZDFD2,KimberlyinMN,5.0,358,43,1.0
B01LW1MS9C,D. Miyao,5.0,135,44,1.0
B01LW1MS9C,dm,5.0,724,44,1.0
B01LW1MS9C,Corey Clarke,4.0,127,44,0.75
B01LW1MS9C,A.C,5.0,9,44,1.0
B01LW1MS9C,Vincent Pompei,3.0,662,44,0.5
B01LW1MS9C,Bob,5.0,73,44,1.0
B01LW1MS9C,JB 85,5.0,287,44,1.0
B01LW1MS9C,C. Morrow,5.0,94,44,1.0
B01LW1MS9C,Ryan,5.0,552,44,1.0
B01LW1MS9C,D. Miyao,5.0,135,44,1.0
B01M4NU4OM,Tech Insider,5.0,624,47,1.0
B01M4NU4OM,Urduja,5.0,653,47,1.0
B01M4NU4OM,Alex Yandukin,5.0,26,47,1.0
B01M4NU4OM,Amazon Customer,4.0,34,47,0.75
B01M4NU4OM,Knicky,5.0,362,47,1.0
"B008GGCAVM,B00DOPNMVM",TL,4.0,616,2,0.75
"B008GGCAVM,B00DOPNMVM",NicoleReviewsItAll,5.0,474,2,1.0
"B008GGCAVM,B00DOPNMVM",wadas1989,5.0,831,2,1.0
"B008GGCAVM,B00DOPNMVM",DBoogie,4.0,136,2,0.75
"B008GGCAVM,B00DOPNMVM",NF,4.0,462,2,0.75
"B008GGCAVM,B00DOPNMVM",MarkM,5.0,422,2,1.0
"B008GGCAVM,B00DOPNMVM",Christine Abraham,5.0,116,2,1.0
"B008GGCAVM,B00DOPNMVM",NF,4.0,462,2,0.75
"B008GGCAVM,B00DOPNMVM",MarkM,5.0,422,2,1.0
"B008GGCAVM,B00DOPNMVM",NF,4.0,462,2,0.75
"B008GGCAVM,B00DOPNMVM",Judy Schechter,4.0,339,2,0.75
"B008GGCAVM,B00DOPNMVM",NF,4.0,462,2,0.75
B00KSR13CE,J. Chambers,5.0,283,11,1.0
B00KSR13CE,JJCEO,5.0,291,11,1.0
B00KSR13CE,D. Carlson,3.0,134,11,0.5
B01M71HRMY,Phil (not) in Magnolia,4.0,498,48,0.75
B01M71HRMY,t. mcgritty,5.0,818,48,1.0
B01M71HRMY,MWebb,5.0,407,48,1.0
B01M71HRMY,P'uie,5.0,485,48,1.0
B01K8B8YA8,Roy Estaris,5.0,549,40,1.0
B01K8B8YA8,DJ,5.0,140,40,1.0
B01K8B8YA8,Bryant R.,5.0,86,40,1.0
B01K8B8YA8,Lucky Jason,5.0,396,40,1.0
B01K8B8YA8,Amazon and AmazonPrime Rock!,5.0,37,40,1.0
B01K8B8YA8,RaVen,5.0,518,40,1.0
B01K8B8YA8,Matthew Johnson,1.0,426,40,0.0
B01K8B8YA8,Roy Estaris,5.0,549,40,1.0
B01K8B8YA8,DJ,5.0,140,40,1.0
B01K8B8YA8,Bryant R.,5.0,86,40,1.0
B01K8B8YA8,Roy Estaris,5.0,549,40,1.0
B01K8B8YA8,Roy Estaris,5.0,549,40,1.0
B01K8B8YA8,Bryant R.,5.0,86,40,1.0
B010BWYDYA,G.Hulse,5.0,233,27,1.0
B010BWYDYA,TM massage,5.0,617,27,1.0
B010BWYDYA,Darren Levine,4.0,152,27,0.75
B01KIOU214,Michael S,5.0,438,41,1.0
B01KIOU214,Alex S,5.0,25,41,1.0
B01KIOU214,Michael Davis,5.0,436,41,1.0
B01KIOU214,Michael S,5.0,438,41,1.0
B01KIOU214,Michael S,5.0,438,41,1.0
B01KIOU214,Alex S,5.0,25,41,1.0
B01KIOU214,E. M. Foner (SciFi Author),5.0,193,41,1.0
B01KIOU214,Michael S,5.0,438,41,1.0
B01KIOU214,Alex S,5.0,25,41,1.0
B00DOPNK14,J. Chambers,5.0,283,4,1.0
B00DOPNK14,JJCEO,5.0,291,4,1.0
B00DOPNK14,D. Carlson,3.0,134,4,0.5
B00DOPNK14,J-Ro!,5.0,282,4,1.0
"B00DOPNO4M,B00BWYQ9YE,B00CYQPMJC,B00CUU1CGY,B00BWYRF7E,B00CYQP3AK",Amazon Reviewer,4.0,36,6,0.75
"B00DOPNO4M,B00BWYQ9YE,B00CYQPMJC,B00CUU1CGY,B00BWYRF7E,B00CYQP3AK",NF,5.0,462,6,1.0
"B00DOPNO4M,B00BWYQ9YE,B00CYQPMJC,B00CUU1CGY,B00BWYRF7E,B00CYQP3AK",Del,4.0,167,6,0.75
"B00DOPNO4M,B00BWYQ9YE,B00CYQPMJC,B00CUU1CGY,B00BWYRF7E,B00CYQP3AK",Michael Gallagher,4.0,437,6,0.75
"B00DOPNO4M,B00BWYQ9YE,B00CYQPMJC,B00CUU1CGY,B00BWYRF7E,B00CYQP3AK",Michael Gallagher,4.0,437,6,0.75
"B00DOPNO4M,B00BWYQ9YE,B00CYQPMJC,B00CUU1CGY,B00BWYRF7E,B00CYQP3AK",NF,5.0,462,6,1.0
"B00DOPNO4M,B00BWYQ9YE,B00CYQPMJC,B00CUU1CGY,B00BWYRF7E,B00CYQP3AK",NF,5.0,462,6,1.0
"B00DOPNO4M,B00BWYQ9YE,B00CYQPMJC,B00CUU1CGY,B00BWYRF7E,B00CYQP3AK",Michael Gallagher,4.0,437,6,0.75
"B00DOPNO4M,B00BWYQ9YE,B00CYQPMJC,B00CUU1CGY,B00BWYRF7E,B00CYQP3AK",NF,5.0,462,6,1.0
"B00DOPNO4M,B00BWYQ9YE,B00CYQPMJC,B00CUU1CGY,B00BWYRF7E,B00CYQP3AK",NF,5.0,462,6,1.0
"B00DOPNO4M,B00BWYQ9YE,B00CYQPMJC,B00CUU1CGY,B00BWYRF7E,B00CYQP3AK",Michael Gallagher,4.0,437,6,0.75
"B00DOPNO4M,B00BWYQ9YE,B00CYQPMJC,B00CUU1CGY,B00BWYRF7E,B00CYQP3AK",Amazon Reviewer,4.0,36,6,0.75
"B00DOPNO4M,B00BWYQ9YE,B00CYQPMJC,B00CUU1CGY,B00BWYRF7E,B00CYQP3AK",Amazon Reviewer,4.0,36,6,0.75
"B00DOPNO4M,B00BWYQ9YE,B00CYQPMJC,B00CUU1CGY,B00BWYRF7E,B00CYQP3AK",Michael Gallagher,4.0,437,6,0.75
"B00DOPNO4M,B00BWYQ9YE,B00CYQPMJC,B00CUU1CGY,B00BWYRF7E,B00CYQP3AK",NF,5.0,462,6,1.0
"B00DOPNO4M,B00BWYQ9YE,B00CYQPMJC,B00CUU1CGY,B00BWYRF7E,B00CYQP3AK",Amazon Reviewer,4.0,36,6,0.75
"B00DOPNO4M,B00BWYQ9YE,B00CYQPMJC,B00CUU1CGY,B00BWYRF7E,B00CYQP3AK",Amazon Reviewer,4.0,36,6,0.75
"B00DOPNO4M,B00BWYQ9YE,B00CYQPMJC,B00CUU1CGY,B00BWYRF7E,B00CYQP3AK",NF,5.0,462,6,1.0
"B00DOPNO4M,B00BWYQ9YE,B00CYQPMJC,B00CUU1CGY,B00BWYRF7E,B00CYQP3AK",Amazon Reviewer,4.0,36,6,0.75
"B00DOPNO4M,B00BWYQ9YE,B00CYQPMJC,B00CUU1CGY,B00BWYRF7E,B00CYQP3AK",NF,5.0,462,6,1.0
"B00DOPNO4M,B00BWYQ9YE,B00CYQPMJC,B00CUU1CGY,B00BWYRF7E,B00CYQP3AK",Amazon Reviewer,4.0,36,6,0.75
"B00DOPNO4M,B00BWYQ9YE,B00CYQPMJC,B00CUU1CGY,B00BWYRF7E,B00CYQP3AK",Michael Gallagher,4.0,437,6,0.75
"B00DOPNO4M,B00BWYQ9YE,B00CYQPMJC,B00CUU1CGY,B00BWYRF7E,B00CYQP3AK",NF,5.0,462,6,1.0
B01BH83OOM,Deanokat,5.0,166,34,1.0
B01BH83OOM,Heather A,5.0,268,34,1.0
B01BH83OOM,Quentin Moore,5.0,512,34,1.0
B01BH83OOM,Casey,5.0,108,34,1.0
B01BH83OOM,Tazman3582,5.0,622,34,1.0
B01BH83OOM,25Firefighter,5.0,4,34,1.0
B01BH83OOM,CraigJ5974,5.0,129,34,1.0
B01BH83OOM,JBD1,5.0,288,34,1.0
B01BH83OOM,Solserfr,4.0,595,34,0.75
B01BH83OOM,barry,5.0,687,34,1.0
B01BH83OOM,Akrin,5.0,20,34,1.0
B01BH83OOM,Frangelica,5.0,226,34,1.0
B01BH83OOM,Czer,5.0,133,34,1.0
B01BH83OOM,evolracing,5.0,730,34,1.0
B01BH83OOM,Jdnlex,5.0,310,34,1.0
B01BH83OOM,1234,4.0,2,34,0.75
B01BH83OOM,Brustman,5.0,85,34,1.0
B01BH83OOM,1soni,5.0,3,34,1.0
B01BH83OOM,Abelitonj,5.0,16,34,1.0
B01BH83OOM,BigT,4.0,66,34,0.75
B01BH83OOM,Meme,4.0,435,34,0.75
B01BH83OOM,Boschbeliever,5.0,77,34,1.0
B01BH83OOM,Willie4,5.0,674,34,1.0
B01BH83OOM,Diva42,5.0,177,34,1.0
B01BH83OOM,OfDVine,4.0,481,34,0.75
B01BH83OOM,redluong,5.0,797,34,1.0
B01BH83OOM,Preacherman,5.0,510,34,1.0
B01BH83OOM,Pogera,2.0,507,34,0.25
B01BH83OOM,Mike,5.0,439,34,1.0
B01BH83OOM,Ceairra,5.0,109,34,1.0
B01BH83OOM,TJay,4.0,614,34,0.75
B01BH83OOM,Fenn0316,5.0,214,34,1.0
B01BH83OOM,Neeko,4.0,468,34,0.75
B01BH83OOM,5bros,4.0,5,34,0.75
B01BH83OOM,Scottlyn,5.0,573,34,1.0
B01BH83OOM,Moms,5.0,452,34,1.0
B01BH83OOM,Rick,5.0,528,34,1.0
B01BH83OOM,PapaC,5.0,491,34,1.0
B01BH83OOM,Jvier,2.0,346,34,0.25
B01BH83OOM,TheTravelerRN,5.0,635,34,1.0
B01BH83OOM,LARudi,5.0,367,34,1.0
B01BH83OOM,Will,5.0,671,34,1.0
B01BH83OOM,DaddyLife,5.0,145,34,1.0
B01BH83OOM,hulio5,3.0,744,34,0.5
B01BH83OOM,Flutterbye216,5.0,224,34,1.0
B01BH83OOM,smvere,5.0,814,34,1.0
B01BH83OOM,Cable,5.0,99,34,1.0
B01BH83OOM,mimi,5.0,772,34,1.0
B01BH83OOM,Noshowcharlie,5.0,477,34,1.0
B01BH83OOM,AC118,5.0,11,34,1.0
B01BH83OOM,Bigglare,5.0,68,34,1.0
B01BH83OOM,Cinzia,4.0,118,34,0.75
B01BH83OOM,Porsche4me,5.0,509,34,1.0
B01BH83OOM,GadgetGirl,4.0,239,34,0.75
B01BH83OOM,Stevarino,5.0,602,34,1.0
B01BH83OOM,Susie,5.0,610,34,1.0
B01BH83OOM,BestBuyjukie,4.0,62,34,0.75
B01BH83OOM,HBSurferMan85,5.0,261,34,1.0
B01BH83OOM,Terri,5.0,630,34,1.0
B01BH83OOM,cecook82,5.0,704,34,1.0
B01BH83OOM,Franco,5.0,225,34,1.0
B01BH83OOM,Dave845,5.0,156,34,1.0
B01BH83OOM,Jimmy,5.0,321,34,1.0
B01BH83OOM,Louieg,5.0,393,34,1.0
B01BH83OOM,Caboman,5.0,100,34,1.0
B01BH83OOM,AMA2,4.0,13,34,0.75
B01BH83OOM,ts120,4.0,827,34,0.75
B01BH83OOM,Luvlyone,5.0,398,34,1.0
B01BH83OOM,Kevin6868,5.0,355,34,1.0
B01BH83OOM,Evelyn1,5.0,209,34,1.0
B01BH83OOM,JustOneMan,5.0,344,34,1.0
B01BH83OOM,Scot,2.0,569,34,0.25
B01BH83OOM,Buckeyew,5.0,89,34,1.0
B01BH83OOM,Luvlymissez16,5.0,397,34,1.0
B01BH83OOM,Werda64,5.0,669,34,1.0
B01BH83OOM,BobbyG,5.0,74,34,1.0
B01BH83OOM,Lanette,5.0,369,34,1.0
B01BH83OOM,Littledavila,5.0,386,34,1.0
B01BH83OOM,Alexgsp,4.0,28,34,0.75
B01BH83OOM,Outofcrayons,4.0,484,34,0.75
B01BH83OOM,JeffM,4.0,312,34,0.75
B01BH83OOM,funfam3,5.0,734,34,1.0
B01BH83OOM,Good,4.0,251,34,0.75
B01BH83OOM,clc4912,5.0,711,34,1.0
B01BH83OOM,NTKramer,5.0,463,34,1.0
B01BH83OOM,DK10,4.0,142,34,0.75
B01BH83OOM,Edelenjacob,5.0,198,34,1.0
B01BH83OOM,SuperNintendoChalmers,5.0,609,34,1.0
B01BH83OOM,denny,4.0,723,34,0.75
B01BH83OOM,BKKTH,4.0,51,34,0.75
B01BH83OOM,IceisMN612,5.0,277,34,1.0
B01BH83OOM,Jusandy25,5.0,342,34,1.0
B01BH83OOM,Sevirj89,5.0,575,34,1.0
B01BH83OOM,bill,4.0,692,34,0.75
B01BH83OOM,Jeepster,1.0,311,34,0.0
B01BH83OOM,John,5.0,326,34,1.0
B01BH83OOM,Blaze,3.0,70,34,0.5
B01BH83OOM,Mom2Kingston,5.0,451,34,1.0
B01BH83OOM,Venti,5.0,659,34,1.0
B01BH83OOM,Collygirl,4.0,124,34,0.75
B01BH83OOM,Bertram,5.0,61,34,1.0
B01BH83OOM,Rocky,4.0,541,34,0.75
B01BH83OOM,Missy,5.0,447,34,1.0
B01BH83OOM,robo,5.0,804,34,1.0
B01BH83OOM,MikeG,4.0,443,34,0.75
B01BH83OOM,dwd3885,5.0,728,34,1.0
B01BH83OOM,Karl,4.0,348,34,0.75
B01BH83OOM,Kenny,5.0,352,34,1.0
B01BH83OOM,Player99,5.0,506,34,1.0
B01BH83OOM,Jpsdrivesfast,5.0,336,34,1.0
B01BH83OOM,Rabah,5.0,519,34,1.0
B01BH83OOM,CPLPUN,5.0,97,34,1.0
B01BH83OOM,Vstorageerich,5.0,663,34,1.0
B01BH83OOM,Beke,5.0,60,34,1.0
B01BH83OOM,Philme,5.0,501,34,1.0
B01BH83OOM,Chris201,4.0,115,34,0.75
B01BH83OOM,Jenn,4.0,316,34,0.75
B01BH83OOM,1215,5.0,1,34,1.0
B01BH83OOM,Pick,5.0,503,34,1.0
B01BH83OOM,Davesmith82,5.0,160,34,1.0
B01BH83OOM,MikeNof,5.0,444,34,1.0
B01BH83OOM,Hunter,5.0,272,34,1.0
B01BH83OOM,Saulny,5.0,566,34,1.0
B01BH83OOM,RVCOS,4.0,517,34,0.75
B01BH83OOM,SamMan,5.0,558,34,1.0
B01BH83OOM,WKKA,5.0,664,34,1.0
B01BH83OOM,Maria,5.0,418,34,1.0
B01BH83OOM,wax0pal,4.0,832,34,0.75
B01BH83OOM,Robbie,5.0,536,34,1.0
B01BH83OOM,Tapmethis,5.0,620,34,1.0
B01BH83OOM,ricanaustin,5.0,802,34,1.0
B01BH83OOM,Tttt,5.0,650,34,1.0
B01BH83OOM,Mike,4.0,439,34,0.75
B01BH83OOM,JPS71,5.0,295,34,1.0
B01BH83OOM,Rich,4.0,526,34,0.75
B01BH83OOM,Pete,5.0,496,34,1.0
B01BH83OOM,Paul,5.0,493,34,1.0
B01BH83OOM,doclee,4.0,725,34,0.75
B01BH83OOM,paul,5.0,789,34,1.0
B01BH83OOM,Sassy,5.0,565,34,1.0
B01BH83OOM,GPJR,5.0,238,34,1.0
B01BH83OOM,bob2531,3.0,695,34,0.5
B01BH83OOM,Cheryl,4.0,113,34,0.75
B01BH83OOM,Mike,4.0,439,34,0.75
B01BH83OOM,Savageks,3.0,567,34,0.5
B01BH83OOM,marie,3.0,768,34,0.5
B01BH83OOM,mrmystery,5.0,777,34,1.0
B01BH83OOM,Np71,5.0,478,34,1.0
B01BH83OOM,Happy,5.0,264,34,1.0
B01BH83OOM,Alky,5.0,30,34,1.0
B01BH83OOM,MaverickSmooth,5.0,429,34,1.0
B01BH83OOM,MrGGarry,4.0,456,34,0.75
B01BH83OOM,fatpants,5.0,733,34,1.0
B01BH83OOM,BABYDURR,4.0,49,34,0.75
B01BH83OOM,momof2,2.0,774,34,0.25
B01BH83OOM,Steve,5.0,603,34,1.0
B01BH83OOM,notoriouspip,4.0,780,34,0.75
B01BH83OOM,betty883,4.0,691,34,0.75
B01BH83OOM,RUGE777,5.0,516,34,1.0
B01BH83OOM,TuxToaster,5.0,651,34,1.0
B01BH83OOM,chris,5.0,709,34,1.0
B01BH83OOM,Dave,5.0,154,34,1.0
B01BH83OOM,JohnA,5.0,328,34,1.0
B01BH83OOM,beezth,4.0,690,34,0.75
B01BH83OOM,Nasa,4.0,465,34,0.75
B01BH83OOM,BNBFan,5.0,52,34,1.0
B01BH83OOM,Steve,5.0,603,34,1.0
B01BH83OOM,cantuc,4.0,700,34,0.75
B01BH83OOM,bossfan,5.0,696,34,1.0
B01BH83OOM,MacG,4.0,410,34,0.75
B01BH83OOM,fvsucat,4.0,735,34,0.75
B01BH83OOM,Alexa,4.0,27,34,0.75
B01BH83OOM,RugbyRef,5.0,550,34,1.0
B01BH83OOM,cc2wclc,5.0,703,34,1.0
B01BH83OOM,Mike,4.0,439,34,0.75
B01BH83OOM,Rickyvic,3.0,531,34,0.5
B01BH83OOM,Muzz2160,4.0,460,34,0.75
B01BH83OOM,Justme,3.0,345,34,0.5
B01BH83OOM,Nunyun345,5.0,479,34,1.0
B01BH83OOM,cheeserat,5.0,707,34,1.0
B01BH83OOM,Alan,5.0,21,34,1.0
B01BH83OOM,Nick,3.0,472,34,0.5
B01BH83OOM,minded,4.0,773,34,0.75
B01BH83OOM,DaveGS,4.0,158,34,0.75
B01BH83OOM,Kathy4901,5.0,349,34,1.0
B01BH83OOM,oldschool,4.0,783,34,0.75
B01BH83OOM,JustMe,5.0,343,34,1.0
B01BH83OOM,tinkerbell2,2.0,825,34,0.25
B01BH83OOM,Shaneab,5.0,579,34,1.0
B01BH83OOM,cOBRA,5.0,699,34,1.0
B01BH83OOM,Gizzard,5.0,248,34,1.0
B01BH83OOM,ShayEric,4.0,582,34,0.75
B01BH83OOM,Bamafever78,5.0,55,34,1.0
B01BH83OOM,Alan,5.0,21,34,1.0
B01BH83OOM,Jpalmer00,5.0,335,34,1.0
B01BH83OOM,GeorgeO,5.0,243,34,1.0
B01BH83OOM,Tony,5.0,645,34,1.0
B01BH83OOM,BigToe,5.0,67,34,1.0
B01BH83OOM,Dcmurphy1515,5.0,163,34,1.0
B01BH83OOM,Ohellknow,3.0,482,34,0.5
B01BH83OOM,danmiller,5.0,719,34,1.0
B01BH83OOM,Janet,5.0,301,34,1.0
B01BH83OOM,samboo,4.0,809,34,0.75
B01BH83OOM,str4920,4.0,817,34,0.75
B01BH83OOM,jaxnvilleguy,5.0,750,34,1.0
B01BH83OOM,Dave3635,4.0,155,34,0.75
B01BH83OOM,apple21man,5.0,685,34,1.0
B01BH83OOM,Bandit,5.0,56,34,1.0
B01BH83OOM,marathonman,5.0,767,34,1.0
B01BH83OOM,Friend,5.0,230,34,1.0
B01BH83OOM,jimbo,5.0,752,34,1.0
B01BH83OOM,Breezy,3.0,80,34,0.5
B01BH83OOM,Maryann,5.0,423,34,1.0
B01BH83OOM,father,5.0,732,34,1.0
B01BH83OOM,Loretta,5.0,390,34,1.0
B01BH83OOM,Gdub61,5.0,242,34,1.0
B01BH83OOM,Gerald,3.0,244,34,0.5
B01BH83OOM,Supahfree,5.0,608,34,1.0
B01BH83OOM,Rick,5.0,528,34,1.0
B01BH83OOM,Denverbrian,3.0,169,34,0.5
B01BH83OOM,kmshirley,5.0,762,34,1.0
B01BH83OOM,chloe,5.0,708,34,1.0
B01BH83OOM,Janderson10,4.0,300,34,0.75
B01BH83OOM,tbandit64,5.0,819,34,1.0
B01BH83OOM,str4920,5.0,817,34,1.0
B01BH83OOM,rater100,5.0,794,34,1.0
B01BH83OOM,ERod,5.0,195,34,1.0
B01BH83OOM,katniss,5.0,758,34,1.0
B01BH83OOM,Johnnie,5.0,330,34,1.0
B01BH83OOM,Calin44,5.0,101,34,1.0
B01BH83OOM,SCHO,3.0,556,34,0.5
B01BH83OOM,NeoBlaze,5.0,469,34,1.0
B01BH83OOM,SLS09,5.0,557,34,1.0
B01BH83OOM,Gaileod,5.0,240,34,1.0
B01BH83OOM,Slamajama,4.0,589,34,0.75
B01BH83OOM,rfran704,5.0,800,34,1.0
B01BH83OOM,TinaV6201,5.0,641,34,1.0
B01BH83OOM,In4dfun2,5.0,278,34,1.0
B01BH83OOM,grandma,5.0,738,34,1.0
B01BH83OOM,lntr4550,5.0,765,34,1.0
B01BH83OOM,Wgnyfinest,5.0,670,34,1.0
B01BH83OOM,TheOne,5.0,634,34,1.0
B01BH83OOM,Jaspendlove,3.0,305,34,0.5
B01BH83OOM,Ottoman,4.0,483,34,0.75
B01BH83OOM,MAVERY11,5.0,404,34,1.0
B01BH83OOM,grock2727,4.0,740,34,0.75
B01BH83OOM,pickle,4.0,791,34,0.75
B01BH83OOM,Tommy,5.0,644,34,1.0
B01BH83OOM,Smooze3,5.0,591,34,1.0
B01BH83OOM,Yeoman742,3.0,679,34,0.5
B01BH83OOM,Louavulmike,5.0,392,34,1.0
B01BH83OOM,SBgamer,5.0,555,34,1.0
B01BH83OOM,Gmama,5.0,249,34,1.0
B01BH83OOM,Herb,5.0,269,34,1.0
B01BH83OOM,mike,5.0,771,34,1.0
B01BH83OOM,pmcc,5.0,792,34,1.0
B01BH83OOM,jvanderstel,5.0,755,34,1.0
B01BH83OOM,p12345,4.0,786,34,0.75
B01BH83OOM,brdlvr,5.0,697,34,1.0
B01BH83OOM,Niceguy,5.0,471,34,1.0
B01BH83OOM,sparkles,4.0,815,34,0.75
B01BH83OOM,Kimber,5.0,357,34,1.0
B01BH83OOM,Mitch,4.0,448,34,0.75
B01BH83OOM,Susie,4.0,610,34,0.75
B01BH83OOM,natm,5.0,779,34,1.0
B01BH83OOM,Robbleo,5.0,537,34,1.0
B01BH83OOM,kcerps,5.0,759,34,1.0
B01BH83OOM,Phobia3000,5.0,502,34,1.0
B01BH83OOM,Concert,4.0,125,34,0.75
B01BH83OOM,Northefist,4.0,476,34,0.75
B01BH83OOM,coach3,5.0,712,34,1.0
B01BH83OOM,brettdavis4,5.0,698,34,1.0
B01BH83OOM,Abbyks,2.0,15,34,0.25
B01BH83OOM,JohnS,1.0,329,34,0.0
B01BH83OOM,cedriic,5.0,705,34,1.0
B01BH83OOM,p2j2m,4.0,787,34,0.75
B01BH83OOM,FloridaOh9,4.0,223,34,0.75
B01BH83OOM,kennyman,5.0,761,34,1.0
B01BH83OOM,1-Apr,5.0,0,34,1.0
B01BH83OOM,Spazdude,4.0,598,34,0.75
B01BH83OOM,LavaBoss,5.0,374,34,1.0
B01BH83OOM,Ces0983,5.0,112,34,1.0
B01BH83OOM,ElPollo,4.0,201,34,0.75
B01BH83OOM,VCMN,5.0,655,34,1.0
B01BH83OOM,Sean,5.0,574,34,1.0
B01BH83OOM,rhex,4.0,801,34,0.75
B01BH83OOM,moose,3.0,775,34,0.5
B01BH83OOM,ShawPhoto,5.0,581,34,1.0
B01BH83OOM,Pita,4.0,504,34,0.75
B01BH83OOM,BddoT2,4.0,57,34,0.75
B01BH83OOM,Skip,5.0,588,34,1.0
B01BH83OOM,shaithus,3.0,812,34,0.5
B01BH83OOM,Jlimon,5.0,322,34,1.0
B01BH83OOM,tbistone,5.0,820,34,1.0
B01BH83OOM,romaeeeeee,5.0,805,34,1.0
B01BH83OOM,JOCHE,5.0,292,34,1.0
B01BH83OOM,AmandaPanda,5.0,33,34,1.0
B01BH83OOM,EliteBuyer,5.0,203,34,1.0
B01BH83OOM,Buyer,5.0,92,34,1.0
B01BH83OOM,Jon12,1.0,332,34,0.0
B01BH83OOM,Jayrock2,4.0,308,34,0.75
B01BH83OOM,Anonymous,5.0,43,34,1.0
B01BH83OOM,Tony,5.0,645,34,1.0
B01BH83OOM,Roger,5.0,542,34,1.0
B01BH83OOM,Papa,3.0,490,34,0.5
B01BH83OOM,Webkf1,4.0,668,34,0.75
B01BH83OOM,VaBeach,5.0,656,34,1.0
B01BH83OOM,PABuyer,4.0,486,34,0.75
B01BH83OOM,Knack,5.0,361,34,1.0
B01BH83OOM,Heather,5.0,267,34,1.0
B01BH83OOM,opchiasm,5.0,785,34,1.0
B01BH83OOM,Wardog21,4.0,667,34,0.75
B01BH83OOM,Rigbyabador,5.0,532,34,1.0
B01BH83OOM,EmilyG,5.0,204,34,1.0
B01BH83OOM,toeka,3.0,826,34,0.5
B01BH83OOM,CellPhoneGuy,5.0,111,34,1.0
B01BH83OOM,Yellowman99,5.0,678,34,1.0
B01BH83OOM,Risha37,5.0,534,34,1.0
B01BH83OOM,Eaglenut1,5.0,196,34,1.0
B01BH83OOM,JAdow,5.0,286,34,1.0
B01BH83OOM,Firemedic609,5.0,218,34,1.0
B01BH83OOM,Rick,3.0,528,34,0.5
B01BH83OOM,RonGT,5.0,544,34,1.0
B01BH83OOM,Flintlock,4.0,222,34,0.75
B01BH83OOM,Dirtdiver069,5.0,176,34,1.0
B01BH83OOM,pneks2001,4.0,793,34,0.75
B01BH83OOM,Emilybeaver,4.0,205,34,0.75
B01BH83OOM,Alan,5.0,21,34,1.0
B01BH83OOM,Adam,4.0,17,34,0.75
B01BH83OOM,Dani,5.0,147,34,1.0
B01BH83OOM,DJ96,4.0,141,34,0.75
B01BH83OOM,MediaMom,5.0,431,34,1.0
B01BH83OOM,Harper,5.0,266,34,1.0
B01BH83OOM,PT109,4.0,487,34,0.75
B01BH83OOM,BigDaddy55,5.0,65,34,1.0
B01BH83OOM,Fishnan10,4.0,219,34,0.75
B01BH83OOM,Fern,4.0,215,34,0.75
B01BH83OOM,Tinkerer,5.0,642,34,1.0
B01BH83OOM,GoPats,5.0,250,34,1.0
B01BH83OOM,gooddeals,4.0,737,34,0.75
B01BH83OOM,tifnbil,5.0,824,34,1.0
B01BH83OOM,Snowman8,5.0,593,34,1.0
B01BH83OOM,photoguy,5.0,790,34,1.0
B01BH83OOM,Zigcredo,5.0,681,34,1.0
B01BH83OOM,Coco,5.0,120,34,1.0
B01BH83OOM,jeopcon69,4.0,751,34,0.75
B01BH83OOM,mackingInternetswithDOGE,3.0,766,34,0.5
B01BH83OOM,nvcop,4.0,781,34,0.75
B01BH83OOM,Brian,5.0,83,34,1.0
B01BH83OOM,Bunny,5.0,91,34,1.0
B01BH83OOM,Msvlm05,5.0,458,34,1.0
B01BH83OOM,MISTERT,5.0,406,34,1.0
B01BH83OOM,ShanNick,5.0,577,34,1.0
B01BH83OOM,Eaglenut1,5.0,196,34,1.0
B01BH83OOM,Ranger,5.0,522,34,1.0
B01BH83OOM,Albert,1.0,22,34,0.0
B01BH83OOM,DoGg,5.0,179,34,1.0
B01BH83OOM,dani,5.0,718,34,1.0
B01BH83OOM,ladyglencoe,5.0,764,34,1.0
B01BH83OOM,TechGuy,5.0,625,34,1.0
B01BH83OOM,Courtney,5.0,128,34,1.0
B01BH83OOM,7011,5.0,6,34,1.0
B01BH83OOM,Triman,5.0,649,34,1.0
B01BH83OOM,Finicky,4.0,217,34,0.75
B01BH83OOM,Jobendab,5.0,324,34,1.0
B01BH83OOM,mssilverfox,4.0,778,34,0.75
B01BH83OOM,Teaz,4.0,623,34,0.75
B01BH83OOM,GEM310,3.0,234,34,0.5
B01BH83OOM,JayPA,5.0,307,34,1.0
B01BH83OOM,MusicLover,4.0,459,34,0.75
B01BH83OOM,Danny,4.0,150,34,0.75
B01BH83OOM,RickR,5.0,529,34,1.0
B01BH83OOM,Hydro,4.0,273,34,0.75
B01BH83OOM,Daniel,5.0,148,34,1.0
B01BH83OOM,Dani,5.0,147,34,1.0
B01BH83OOM,PamJK,5.0,488,34,1.0
B01BH83OOM,Mac1,4.0,409,34,0.75
B01BH83OOM,Dylon,4.0,192,34,0.75
B01BH83OOM,Lafeyette,5.0,368,34,1.0
B01BH83OOM,Larry,4.0,371,34,0.75
B01BH83OOM,Smitty,5.0,590,34,1.0
B01BH83OOM,shar555,5.0,813,34,1.0
B01BH83OOM,agzela,4.0,682,34,0.75
B01BH83OOM,davepjoneshen,4.0,720,34,0.75
B01BH83OOM,Vaiolation,4.0,657,34,0.75
B01BH83OOM,Happy,4.0,264,34,0.75
B01BH83OOM,JP315,5.0,294,34,1.0
B01BH83OOM,haiisenberg,4.0,741,34,0.75
B01BH83OOM,Carbob,5.0,104,34,1.0
B01BH83OOM,ibeb71,4.0,746,34,0.75
B01BH83OOM,Amblate,4.0,38,34,0.75
B01BH83OOM,Matty,4.0,427,34,0.75
B01BH83OOM,Holmes,5.0,270,34,1.0
B01BH83OOM,Dpadilla,4.0,188,34,0.75
B01BH83OOM,OLS45,5.0,480,34,1.0
B01BH83OOM,LookoutNoah,5.0,389,34,1.0
B01BH83OOM,MzPat,5.0,461,34,1.0
B01BH83OOM,AndreandDeb,2.0,39,34,0.25
B01BH83OOM,Rittir,5.0,535,34,1.0
B01BH83OOM,Kerrdogg,5.0,353,34,1.0
B01BH83OOM,GG13,5.0,236,34,1.0
B01BH83OOM,Dspeers,5.0,191,34,1.0
B01BH83OOM,Cody,5.0,121,34,1.0
B01BH83OOM,sa88,5.0,807,34,1.0
B01BH83OOM,ITGuy,5.0,275,34,1.0
B01BH83OOM,Eze110,5.0,211,34,1.0
B01BH83OOM,Davek,3.0,159,34,0.5
B01BH83OOM,Scottief,4.0,572,34,0.75
B01BH83OOM,AnthonyZ,3.0,44,34,0.5
B01BH83OOM,jacoba,5.0,749,34,1.0
B01BH83OOM,Akadink,5.0,19,34,1.0
B01BH83OOM,JDMAlamo,5.0,289,34,1.0
B01BH83OOM,ohionana,5.0,782,34,1.0
B01BH83OOM,MovieGuyOH,5.0,455,34,1.0
B01BH83OOM,bkgrigsby725,4.0,693,34,0.75
B01BH83OOM,richmond282,4.0,803,34,0.75
B01BH83OOM,B6W356,5.0,48,34,1.0
B01BH83OOM,unplug,4.0,829,34,0.75
B01BH83OOM,MBV1,5.0,405,34,1.0
B01BH83OOM,Happytekki,5.0,265,34,1.0
B01BH83OOM,bbuy001,4.0,688,34,0.75
B01BH83OOM,DPC3,5.0,143,34,1.0
B01BH83OOM,Judy,5.0,338,34,1.0
B01BH83OOM,Sandy,5.0,562,34,1.0
B01BH83OOM,Ripper,2.0,533,34,0.25
B01BH83OOM,ezze110,5.0,731,34,1.0
B01BH83OOM,AAAC,4.0,10,34,0.75
B01BH83OOM,FB0001,4.0,212,34,0.75
B01BH83OOM,Marb,5.0,416,34,1.0
B01BH83OOM,Scearls,5.0,568,34,1.0
B01BH83OOM,Mata,5.0,424,34,1.0
B01BH83OOM,cfxu,5.0,706,34,1.0
B01BH83OOM,techjunkie,5.0,822,34,1.0
B01BH83OOM,Mainesnow,5.0,412,34,1.0
B01BH83OOM,TerriD,5.0,631,34,1.0
B01BH83OOM,MsCapricorn,5.0,457,34,1.0
B01BH83OOM,JONESNEWYORK414,5.0,293,34,1.0
B01BH83OOM,davidvb,3.0,721,34,0.5
B01BH83OOM,Technogeekster,5.0,626,34,1.0
B01BH83OOM,bebo,5.0,689,34,1.0
B01BH83OOM,Ktee,5.0,364,34,1.0
B01BH83OOM,DWOdom,4.0,144,34,0.75
B01BH83OOM,Ryeguy74,5.0,553,34,1.0
B01BH83OOM,Rose7,4.0,546,34,0.75
B01BH83OOM,thoroughlymorgan,5.0,823,34,1.0
B01BH83OOM,sta123,3.0,816,34,0.5
B01BH83OOM,Webkf1,3.0,668,34,0.5
B01BH83OOM,mrhockey79,4.0,776,34,0.75
B01BH83OOM,BuckS,2.0,88,34,0.25
B01BH83OOM,IbDAH,5.0,276,34,1.0
B01BH83OOM,Writer,5.0,675,34,1.0
B01BH83OOM,Sig20guy,4.0,587,34,0.75
B01BH83OOM,Janfer,5.0,304,34,1.0
B01BH83OOM,PlasmaGuys,5.0,505,34,1.0
B01BH83OOM,remoteuser13,4.0,798,34,0.75
B01BH83OOM,eopp,5.0,729,34,1.0
B01BH83OOM,Vette,5.0,660,34,1.0
B01BH83OOM,techgeek,5.0,821,34,1.0
B01BH83OOM,ShaneT,5.0,578,34,1.0
B01BH83OOM,Doug,4.0,186,34,0.75
B01BH83OOM,metacuate,4.0,770,34,0.75
B01BH83OOM,da9rich,1.0,717,34,0.0
B01BH83OOM,LillyMiami,5.0,379,34,1.0
B01BH83OOM,Jo55,5.0,323,34,1.0
B01BH83OOM,Gamer,4.0,241,34,0.75
B01BH83OOM,Consumer,4.0,126,34,0.75
B01BH83OOM,Poppycjb,5.0,508,34,1.0
B01BH83OOM,compaq38,3.0,714,34,0.5
B01BH83OOM,jude70,4.0,754,34,0.75
B01BH83OOM,CarFren,5.0,103,34,1.0
B01BH83OOM,criscot,4.0,716,34,0.75
B01BH83OOM,Gucci,5.0,259,34,1.0
B01BH83OOM,Drjim,5.0,190,34,1.0
B01BH83OOM,Zack,4.0,680,34,0.75
B01BH83OOM,Montiel168,5.0,454,34,1.0
B01BH83OOM,Pannow,5.0,489,34,1.0
B01BH83OOM,Captsky,5.0,102,34,1.0
B01BH83OOM,LooLoo777,4.0,388,34,0.75
B01BH83OOM,Bebi,5.0,59,34,1.0
B01BH83OOM,dealhunter,4.0,722,34,0.75
B01BH83OOM,Toddo,4.0,643,34,0.75
B01BH83OOM,Bsmm,5.0,87,34,1.0
B01BH83OOM,Alan,4.0,21,34,0.75
B01BH83OOM,B545,4.0,47,34,0.75
B01BH83OOM,Princess,5.0,511,34,1.0
B01BH83OOM,Diesel,5.0,173,34,1.0
B01BH83OOM,Bugbasher,5.0,90,34,1.0
B01BH83OOM,hondaguy,5.0,743,34,1.0
B01BH83OOM,Lisadave1999,5.0,384,34,1.0
B01BH83OOM,TempeDiablo,5.0,628,34,1.0
B01BH83OOM,Snicoled17,5.0,592,34,1.0
B01BH83OOM,MikeB,4.0,442,34,0.75
B01BH83OOM,DodgeDart920,5.0,181,34,1.0
B01BH83OOM,Crom23,4.0,131,34,0.75
B01BH83OOM,Izzy,5.0,281,34,1.0
B01BH83OOM,MaloIrukandji,5.0,413,34,1.0
B01BH83OOM,WMMANAGEMENT,5.0,665,34,1.0
B01BH83OOM,RonRon,5.0,545,34,1.0
B01BH83OOM,vishal,5.0,830,34,1.0
B01BH83OOM,Brayden,5.0,79,34,1.0
B01BH83OOM,jlivar,5.0,753,34,1.0
B01BH83OOM,kaka,5.0,756,34,1.0
B01BH83OOM,has9yale,4.0,742,34,0.75
B01BH83OOM,LeeF,5.0,375,34,1.0
B01BH83OOM,Sheldonsgirl,5.0,583,34,1.0
B01BH83OOM,iggy,1.0,747,34,0.0
B01BH83OOM,MonLaRose,5.0,453,34,1.0
B01BH83OOM,Kim1223,5.0,356,34,1.0
B01BH83OOM,Jonathan,4.0,333,34,0.75
B01BH83OOM,Townes2,5.0,646,34,1.0
B01BH83OOM,Lizmomof4,5.0,387,34,1.0
B01BH83OOM,Sparkygirl,4.0,597,34,0.75
B01BH83OOM,BlueBuds,5.0,72,34,1.0
B01BH83OOM,comars,5.0,713,34,1.0
B01BH83OOM,User,5.0,654,34,1.0
B01BH83OOM,StereoDJ,5.0,601,34,1.0
B01BH83OOM,TatisLexa,5.0,621,34,1.0
B01BH83OOM,Coffeeme,5.0,122,34,1.0
B01BH83OOM,Timmer,4.0,639,34,0.75
B01BH83OOM,KerryFitz,5.0,354,34,1.0
B01BH83OOM,Brantin,5.0,78,34,1.0
B01BH83OOM,Blue,2.0,71,34,0.25
B01BH83OOM,wirelesssassyowner,1.0,834,34,0.0
B01BH83OOM,Evo24,5.0,210,34,1.0
B01BH83OOM,Bones,5.0,75,34,1.0
B01BH83OOM,Love2Swim,5.0,395,34,1.0
B01BH83OOM,cjuli,5.0,710,34,1.0
B01BH83OOM,Gurkha,5.0,260,34,1.0
B01BH83OOM,Stormie,4.0,605,34,0.75
B01BH83OOM,Grimdad,5.0,258,34,1.0
B01BH83OOM,hzee,5.0,745,34,1.0
B01BH83OOM,Vanessa,5.0,658,34,1.0
B01BH83OOM,Mamag,5.0,414,34,1.0
B01BH83OOM,Grandma,5.0,254,34,1.0
B01BH83OOM,BROd,4.0,53,34,0.75
B01BH83OOM,Electronicstech,4.0,202,34,0.75
B01BH83OOM,Hank,4.0,263,34,0.75
B01BH83OOM,Grace,5.0,252,34,1.0
B01BH83OOM,rayray,5.0,795,34,1.0
B01BH83OOM,Langers1234,5.0,370,34,1.0
B01BH83OOM,Melody9,4.0,434,34,0.75
B01BH83OOM,DPC3,5.0,143,34,1.0
B00K5W9WZW,Richard The Buying Hearted,1.0,527,9,0.0
B00K5W9WZW,Julie :-),5.0,341,9,1.0
B00K5W9WZW,Jon Ferrante,5.0,331,9,1.0
B00K5W9WZW,Laurel Krahn,5.0,373,9,1.0
B00K5W9WZW,Ismael Rivera,5.0,280,9,1.0
B00K5W9WZW,Yang Hua,2.0,677,9,0.25
B00K5W9WZW,zman,5.0,835,9,1.0
B00K5W9WZW,Amazon Customer,1.0,34,9,0.0
B00K5W9WZW,Trever Murawski,1.0,647,9,0.0
B00K5W9WZW,Javier Gutierrez,1.0,306,9,0.0
B00K5W9WZW,Stow Fresh,4.0,606,9,0.75
B00K5W9WZW,Somebody,5.0,596,9,1.0
B01E9AHU8Q,Jeffrey N. Fritz,2.0,314,36,0.25
B01E9AHU8Q,kemilie,5.0,760,36,1.0
B01E9AHU8Q,Jeffrey C Drywater,3.0,313,36,0.5
B01E9AHU8Q,T. Masoner,5.0,611,36,1.0
B01E9AHU8Q,Shain Mercer,1.0,576,36,0.0
B01E9AHU8Q,cc,5.0,702,36,1.0
B01E9AHU8Q,BFI66,3.0,50,36,0.5
B01HC1S9HU,Kschles,5.0,363,38,1.0
B01HC1S9HU,Doctor Bertram,5.0,180,38,1.0
B01HC1S9HU,T. Medley,3.0,612,38,0.5
B01HC1S9HU,Marco,5.0,417,38,1.0
B01HC1S9HU,Linda L. Baughan,3.0,380,38,0.5
B01HC1S9HU,Robin Landry,5.0,539,38,1.0
B01HC1S9HU,HSBC,5.0,262,38,1.0
B01HC1S9HU,X. Liu,4.0,676,38,0.75
B01HC1S9HU,MarieBee,2.0,420,38,0.25
B01HC1S9HU,william lombardo,3.0,833,38,0.5
B01HC1S9HU,Aaron E. Knauff,1.0,14,38,0.0
B01HC1S9HU,Jacob,3.0,296,38,0.5
B01HC1S9HU,Kschles,5.0,363,38,1.0
B01HC1S9HU,Doctor Bertram,5.0,180,38,1.0
B01HC1S9HU,T. Medley,3.0,612,38,0.5
B01HC1S9HU,Marco,5.0,417,38,1.0
B01HC1S9HU,Linda L. Baughan,3.0,380,38,0.5
B01HC1S9HU,Robin Landry,5.0,539,38,1.0
B01HC1S9HU,HSBC,5.0,262,38,1.0
B01HC1S9HU,Marco,5.0,417,38,1.0
B01HC1S9HU,X. Liu,4.0,676,38,0.75
B01HC1S9HU,MarieBee,2.0,420,38,0.25
B00HX0SRXW,A. Younan,3.0,8,8,0.5
B00HX0SRXW,Philip L.,5.0,500,8,1.0
B00HX0SRXW,Andrew,5.0,40,8,1.0
B00HX0SRXW,Victor L.,5.0,661,8,1.0
B00HX0SRXW,Victor L.,5.0,661,8,1.0
B00HX0SRXW,A. Younan,3.0,8,8,0.5
B00HX0SRXW,A. Younan,3.0,8,8,0.5
B00HX0SRXW,A. Younan,3.0,8,8,0.5
B00HX0SRXW,Andrew,5.0,40,8,1.0
B00HX0SRXW,Victor L.,5.0,661,8,1.0
B00HX0SRXW,Andrew,5.0,40,8,1.0
B00HX0SRXW,Victor L.,5.0,661,8,1.0
B00HX0SRXW,Victor L.,5.0,661,8,1.0
B00HX0SRXW,Andrew,5.0,40,8,1.0
B00HX0SRXW,Victor L.,5.0,661,8,1.0
B00HX0SRXW,Victor L.,5.0,661,8,1.0
B00HX0SRXW,A. Younan,3.0,8,8,0.5
B00HX0SRXW,A. Younan,3.0,8,8,0.5
B00HX0SRXW,Andrew,5.0,40,8,1.0
B00HX0SRXW,Victor L.,5.0,661,8,1.0
B00HX0SRXW,A. Younan,3.0,8,8,0.5
B00HX0SRXW,Andrew,5.0,40,8,1.0
B00HX0SRXW,A. Younan,3.0,8,8,0.5
B00HX0SRXW,A. Younan,3.0,8,8,0.5
B00HX0SRXW,Victor L.,5.0,661,8,1.0
B00HX0SRXW,Andrew,5.0,40,8,1.0
B00HX0SRXW,A. Younan,3.0,8,8,0.5
B00HX0SRXW,A. Younan,3.0,8,8,0.5
B00HX0SRXW,A. Younan,3.0,8,8,0.5
B00HX0SRXW,Andrew,5.0,40,8,1.0
B00HX0SRXW,Andrew,5.0,40,8,1.0
B00HX0SRXW,Andrew,5.0,40,8,1.0
B00HX0SRXW,A. Younan,3.0,8,8,0.5
B00HX0SRXW,A. Younan,3.0,8,8,0.5
B00HX0SRXW,Victor L.,5.0,661,8,1.0
B00HX0SRXW,A. Younan,3.0,8,8,0.5
B00HX0SRXW,Andrew,5.0,40,8,1.0
B00HX0SRXW,A. Younan,3.0,8,8,0.5
B00HX0SRXW,Andrew,5.0,40,8,1.0
B00HX0SRXW,Andrew,5.0,40,8,1.0
B00HX0SRXW,A. Younan,3.0,8,8,0.5
B00HX0SRXW,A. Younan,3.0,8,8,0.5
B00HX0SRXW,Andrew,5.0,40,8,1.0
B00HX0SRXW,Andrew,5.0,40,8,1.0
B00HX0SRXW,A. Younan,3.0,8,8,0.5
B00HX0SRXW,A. Younan,3.0,8,8,0.5
B00HX0SRXW,Andrew,5.0,40,8,1.0
B00HX0SRXW,Victor L.,5.0,661,8,1.0
B00HX0SRXW,Andrew,5.0,40,8,1.0
B00HX0SRXW,Victor L.,5.0,661,8,1.0
B00HX0SRXW,A. Younan,3.0,8,8,0.5
B00HX0SRXW,A. Younan,3.0,8,8,0.5
B00HX0SRXW,A. Younan,3.0,8,8,0.5
B00HX0SRXW,Andrew,5.0,40,8,1.0
B00HX0SRXW,A. Younan,3.0,8,8,0.5
B00HX0SRXW,A. Younan,3.0,8,8,0.5
B00HX0SRXW,A. Younan,3.0,8,8,0.5
B00HX0SRXW,A. Younan,3.0,8,8,0.5
B00HX0SRXW,A. Younan,3.0,8,8,0.5
B00HX0SRXW,A. Younan,3.0,8,8,0.5
B00HX0SRXW,A. Younan,3.0,8,8,0.5
B00HX0SRXW,A. Younan,3.0,8,8,0.5
B00HX0SRXW,Andrew,5.0,40,8,1.0
B00HX0SRXW,A. Younan,3.0,8,8,0.5
B00HX0SRXW,A. Younan,3.0,8,8,0.5
B00HX0SRXW,Victor L.,5.0,661,8,1.0
B00HX0SRXW,Victor L.,5.0,661,8,1.0
B00HX0SRXW,Andrew,5.0,40,8,1.0
B00HX0SRXW,A. Younan,3.0,8,8,0.5
B00HX0SRXW,Victor L.,5.0,661,8,1.0
B00HX0SRXW,Andrew,5.0,40,8,1.0
B00HX0SRXW,A. Younan,3.0,8,8,0.5
B00HX0SRXW,Andrew,5.0,40,8,1.0
B00HX0SRXW,A. Younan,3.0,8,8,0.5
B00HX0SRXW,A. Younan,3.0,8,8,0.5
B00HX0SRXW,A. Younan,3.0,8,8,0.5
B00HX0SRXW,Andrew,5.0,40,8,1.0
B00LORGAG6,Rebecca retired Midwest chef,2.0,524,12,0.25
B00LORGAG6,Katie Wilburn,5.0,350,12,1.0
B00LORGAG6,Mike Thornton,5.0,440,12,1.0
B00LORGAG6,rupert,4.0,806,12,0.75
B00LORGAG6,Eric,3.0,207,12,0.5
B00LORGAG6,Upstate NY SAHM,3.0,652,12,0.5
B00LORGAG6,Fixer-upper,5.0,220,12,1.0
B00LORGAG6,Dean Canne,1.0,164,12,0.0
B00LORGAG6,Gilberto Alcantar,1.0,247,12,0.0
B00LORGAG6,Adriana Osorio,1.0,18,12,0.0
B00LORGAG6,dosiere,1.0,727,12,0.0
B00LORGAG6,M.C.,1.0,403,12,0.0
B00LORGAG6,Jakezoe,1.0,298,12,0.0
B00LORGAG6,Rebecca Midwest,2.0,523,12,0.25
B00LORGAG6,Colby R. Zell,5.0,123,12,1.0
B00LORGAG6,Amazon Customer,1.0,34,12,0.0
B00LORGAG6,Honest Rob,2.0,271,12,0.25
B00NO8JJZW,parisa,4.0,788,16,0.75
B00NO8JJZW,TMagee,4.0,618,16,0.75
B00NO8JJZW,Amazon Customer,2.0,34,16,0.25
B00NO8JJZW,L. Ellis,2.0,365,16,0.25
B00NO8JJZW,Donna Albea,1.0,184,16,0.0
B00NO8JJZW,Nathaniel,1.0,467,16,0.0
B00NO8JJZW,Lisandro E. Roque,2.0,385,16,0.25
B00NO8JJZW,GregAmandawith4,3.0,256,16,0.5
B00NO8JJZW,Amazon Customer,1.0,34,16,0.0
B00NO8JJZW,Amazon Customer,1.0,34,16,0.0
B00NO8JJZW,Meg Ashley,3.0,432,16,0.5
B00NO8JJZW,DIANE K,1.0,139,16,0.0
